Content Type,Extracted Data,Extra Info / Link
H2,BREAKING NEWS,
H2,"बिहार में पहली बार बनेगा बीजेपी का CM, नीतीश की जगह लेंगे सम्राट चौधरी, कल शपथ ग्रहण",
H2,"पाकिस्तान में दूसरी बार मिल सकते हैं US-ईरान, ट्रंप बोले- हम बातचीत को तैयार",
H2,शॉर्ट वीडियो,
H2,बड़ी ख़बरें,
H2,इंडिया टुडे हिंदी,
H2,वीडियो,
H2,विजुअल स्टोरीज़,
H2,मनोरंजन,
H2,राज्यवार खबरें,
H2,जुर्म,
H2,खेल,
H2,लाइफस्टाइल,
H2,धर्म,
H2,राशिफल,
H2,टेक्नोलॉजी,
H2,एजुकेशन,
H2,बिजनेस,
H2,विश्व,
H2,साइंस न्यूज़,
H2,ऑटो,
H2,हेल्थ,
H2,विचार एवं विश्लेषण,
H2,डिफेंस न्यूज,
H2,साहित्य,
H2,आपका वोट,
H2,आजतक रेडियो,
H2,বাংলা,
H2,GNT TV,
H2,Explained,
H2,India Today,
H3,"'जिम जिहाद', अरबपति की बीवी और लाखों की वसूली... 'गंदे खेल' का खुलासा",
H3,गुजरात के सूरत में एक जिम ट्रेनर शब्बीर असगर ट्रंकवाला को महिला को प्रेमजाल में फंसाकर ब्लैकमेल करने के...,
H3,"आपकी जरूरत की हर खबर, आजतक ई-पेपर में, पढ़ें बिल्कुल मुफ्त",
H3,नीरव मोदी को जल्द लाया जा सकता है भारत! लंदन में मौजूद CBI की टीम,
H3,"मलयाली एक्टर ने 'जबरदस्ती' एक्ट्रेस को खिलाया बीफ, भड़के यूजर्स",
H3,"ये 5 संकेत... कल शेयर बाजार में होगी बल्‍ले-बल्‍ले, ETFs वाले भी छापेंगे पैसा!",
H3,विराट कोहली अगले मैच से होंगे OUT? इंजरी पर आई ये अपडेट,
H3,"ज्येष्ठ में 4 या 5 नहीं, 8 बड़े मंगल, नोट करें तारीख और शुभ मुहूर्त",
H3,"LIVE: केकेआर की बैटिंग जारी, सीएसके ने दिया है 193 रनों का लक्ष्य",
H3,"TCS स्कैंडल: उत्पीड़न और कन्वर्जन का पैटर्न, अंडरकवर ऑपरेशन से हुए नए खुलासे",
H3,होर्मुज पर चीन-US में तनाव... देखें मिडिल ईस्ट के हालात पर स्पेशल कवरेज,
H3,"'दो मिनट में इटली को तबाह कर देगा ईरान', दोस्त मेलोनी पर क्यों भड़के ट्रंप!",
H3,"शादी पर रश्मिका भूलीं ट्रेडिशनल ब्राइडल लुक, 90 मिनट में हुई थीं तैयार",
H3,"CM योगी की रैली के दौरान 'टल्ली' हुए दारोगा जी, जमीन पर लोटते दिखे",
H3,"सम्राट चौधरी के CM बनने की घोषणा पर गांव में जश्न, चर्चा में आया भाभी का बयान",
H3,"राष्ट्रपति ट्रंप ने PM मोदी को लगाया फोन, ईरान और होर्मुज पर 40 मिनट तक हुई चर्चा",
H3,"फर्जी डॉक्टर ने किए 100 ट्रांसप्लांट, कानपुर किडनी रैकेट में कई चौंकाने वाले खुलासे",
H3,"बुध प्रदोष व्रत कल, जानें पूजन विधि और महाउपाय",
H3,"इस तरह बनाएं सहजन की सब्जी, बच्चे भी मांग-मांग कर खाएंगे",
H3,"प्रफुल्ल हिंगे की 6 गेंदों का जादू, इंटरनेट पर फॉलोवर्स हुए बेकाबू",
H3,कभी नीतीश की गद्दी बचाने वाले सम्राट अब बनेंगे बिहार में उनके उत्तराधिकारी,
H3,बंगाल में BJP का 'कार्पेट बॉम्बिंग' कैंपेन चुनावी माहौल को बदल पाएगा?,
H3,कुछ और पसरे यूसीसी के पांव,
H3,"वेदांता पावर प्लांट में बड़ा हादसा, बॉयलर फटने से 10 लोगों की मौत",
H3,"ब‍िहार पहुंचे श‍िवराज ने सम्राट चौधरी को दी बधाई, नीतीश को यूं क‍िया याद",
H3,"ट्रंप ने PM मोदी को लगाया फोन, जानें 40 मिनट तक किन मुद्दों पर हुई बात",
H3,"'बिहार की जनता ने उन्हें CM नहीं चुना', सम्राट चौधरी पर तेजस्वी का हमला",
H3,"नोएडा में अब मेड्स का हल्ला बोल, सोसाइटी के बाहर किया पथराव, Video",
H3,"मलयाली एक्टर ने 'जबरदस्ती' एक्ट्रेस को खिलाया बीफ, भड़के यूजर्स",
H3,"शादी पर रश्मिका भूलीं ट्रेडिशनल ब्राइडल लुक, 90 मिनट में हुई थीं तैयार",
H3,बंद होने वाला है अक्षय कुमार का शो 'व्हील ऑफ फॉर्चून'?,
H3,"'रिश्तेदार ने की छेड़छाड़', कोरियोग्राफर ने दिल नें दबाया दर्द, मां को बताने से करताई",
H3,कौन है वो हसीना? ज‍िस पर चहल ने बनाया वीड‍ियो ड‍िलीट करने का प्रेशर,
H3,नोएडा-ग्रेटर नोएडा में मजदूरों को भड़काने वाली साजिश किसने रची?,
H3,"फर्जी डॉक्टर ने किए 100 ट्रांसप्लांट, कानपुर किडनी रैकेट में कई चौंकाने वाले खुलासे",
H3,"CM योगी की रैली के दौरान 'टल्ली' हुए दारोगा जी, जमीन पर लोटते दिखे",
H3,"झांसी में गैस एजेंसी कर्मचारियों ने ग्राहक को घेरकर पीटा, Video",
H3,"'घड़ियाली आंसू बहा रहा विपक्ष', अंबेडकर जयंती पर गरजे सीएम योगी",
H3,परतवाड़ा अश्लील वीडियो कांड: AIMIM से जुड़े आरोपी की गिरफ्तारी के बाद बवाल,
H3,"रेप के आरोपी अशोक खरात का हो सकता है एनकाउंटर, सांसद का सनसनीखेज दावा",
H3,"सांसद प्रणिती शिंदे का बड़ा दावा, अशोक खरात के एनकाउंटर की आशंका",
H3,"50 करोड़ के मनी लॉन्ड्रिंग केस में ED का बड़ा एक्शन, विनेश चंदेल गिरफ्तार",
H3,"रागी के आटे से घर पर बनाएं हेल्दी-टेस्टी चिप्स, मिलेगा चटपटा स्वाद",
H3,क्या बाल कटवाने से सच में लंबाई बढ़ती है? जानें हेयरकट से कितना फायदा,
H3,प्रोटीन शेकर से आ रही बदबू? इन 4 घरेलू नुस्खों से चुटकियों में भगाएं गंध,
H3,"वेट लॉस से डाइजेशन तक, शरीर के लिए जरूरी है फाइबर! जानें सही मात्रा",
H3,"रात की बची दाल से बनाएं टेस्टी पराठा, रेसिपी है आसान",
H3,"ज्येष्ठ में 4 या 5 नहीं, 8 बड़े मंगल, नोट करें तारीख और शुभ मुहूर्त",
H3,सोने-चांदी-हीरे के खुफिया चैम्बर! जगन्नाथ मंदिर के पुजारियों का खुलासा,
H3,"भारत में 3 बार मनाया जाता है नया साल, जानें कब-कब होता है सेलिब्रेट",
H3,"सौर नववर्ष आज से शुरू, अप्रैल 2027 तक सतर्क रहें ये 3 राशियां",
H3,क्या AI बन रहा है बच्चों का नया बेस्ट फ्रेंड?,
H3,"₹10,000+ UPI ट्रांजैक्शन पर लगेगा 1 घंटे का ब्रेक!",
H3,"UPI पेमेंट्स में 1 घंटे की देरी? RBI की तैयारी, बदलेगा ये नियम",
H3,"Gmail में एंड-टू-एंड एन्क्रिप्शन, ईमेल होंगे ज्यादा सुरक्षित!",
H3,"अब सुधार सकेंगे गलती, इंस्टाग्राम लाया नया फीचर",
H3,"कितना पढ़े-ल‍िखे हैं बिहार के होने वाले CM, दोस्त बुलाते हैं 'डॉक्टर' सम्राट",
H3,"डिजीलॉकर पर चेक करें CBSE 10वीं का रिजल्ट, साइट की नहीं होगी टेंशन",
H3,दिल्ली-नोएडा जैसे शहरों में प्राइवेट नौकरी करते हैं? जान लें अपने हक,
H3,कौन हैं नोएडा की DM मेधा रूपम? ओवरटाइम पर कही बड़ी बात,
H3,"यूपी बोर्ड रिजल्ट डेट का इंतजार तेज, ऐसे डाउनलोड करें मार्कशीट",
H3,"बिहार CM पद से नीतीश कुमार का इस्तीफा, जानिए इनकी नेटवर्थ",
H3,"संकट में चीन... US-ईरान जंग से निकला तेल, यहां लगी तगड़ी चोट",
H3,"रोज डूबेंगे ₹4000Cr... US की होर्मुज 'नाकाबंदी', संकट में ईरान की लाइफलाइन",
H3,"'हमारे मामले में दखल नहीं...', ईरान संग खुलकर आया चीन, ट्रंप को दे दी वॉर्निंग",
H3,"समझौता कराने चला था पाकिस्तान, खुद को आज हो गया भारी नुकसान",
H3,"होर्मुज ब्लॉकेड के लिए US ने उतारे 10 हजार कमांडो, फारस की खाड़ी पर अमेरिकी कंट्रोल!",
H3,इजरायल-लेबनान में युद्धविराम पर बनेगी बात? हिज्बुल्लाह ने वार्ता का किया बॉयकॉट,
H3,नीरव मोदी को जल्द लाया जा सकता है भारत! लंदन में मौजूद CBI की टीम,
H3,फर्स्ट लैंग्वेज अंग्रेजी न होने पर ब्रिटेन में भारतीय महिला को जॉब से निकाला,
H3,ईरान से डील को लेकर क्या बोले ट्रंप?,
H3,"समंदर में बारूदी सुरंग हटाने का काम कैसे होता है? ईरान ने बिछाया, हटा पाएगा अमेरिका",
H3,"अंतरिक्ष से लौटते ही बेशुमार प्यार, NASA की क्रिस्टीना और उनके डॉग का वीडियो वायरल",
H3,"जम्मू-कश्मीर में बड़ी आफत! 697 में से 315 झीलें गायब, CAG रिपोर्ट में खुलासा",
H3,गोल्डन फ्रॉग: 2009 में खत्म थी प्रजाति! अब बचाए जा रहे ये सुनहरे जीव,
H3,"हिमालय और स्ट्रेट ऑफ होर्मुज के बीच है खास रिश्ता, दोनों के बनने की एक जैसी कहानी",
H3,"मजा न आए, पैसा वापस! 75% मनीबैक गारंटी के साथ लॉन्च हुई धांसू SUV",
H3,आसमान छूती लपटें... धुएं का गुबार! BYD की इलेक्ट्रिक कार फैक्ट्री में लगी आग,
H3,Innova से बड़ी... 500KM रेंज! कल लॉन्च होगी 7-सीटर इलेक्ट्रिक कार,
H3,दिल्ली-देहरादून एक्सप्रेसवे पर चलेगा FASTag एनुअल पास? जानें कितना लगेगा Toll,
H3,320KM रेंज... 1.29 लाख कीमत! Ola का नया इलेक्ट्रिक स्कूटर लॉन्च,
H3,चीजें छूकर देख रहा था वो सच हैं या नहीं? FIR के बाद समय रैना की थी ऐसी स्थिति,
H3,"वेट लॉस से डाइजेशन तक, शरीर के लिए जरूरी है फाइबर! जानें सही मात्रा",
H3,"Kiss करने से पहले जरूर पिएं पानी, क्यों दी जा रही ये चेतावनी",
H3,"बिहार में BJP का 'नो सरप्राइज’ ही सरप्राइज, यूं हटकर चली नई चाल",
H3,बिहार के भावी सीएम सम्राट चौधरी के लिए नीतीश कुमार की ‘वसीयत’,
H3,क्या जज को ‘कठघरे‘ में खड़ा कर पाए केजरीवाल? दोनों ओर से दिलचस्प दलीलें,
H3,ईरान के परमाणु बम का कच्चा माल किसके हवाले होगा? रूस या अमेरिका,
H3,"समंदर में बारूदी सुरंग हटाने का काम कैसे होता है? ईरान ने बिछाया, हटा पाएगा अमेरिका",
H3,क्या ईरान-अमेरिका के बीच हुआ सीजफायर लंबा चलेगा?,
H3,रात 9 बजे का न्यूज़ पॉडकास्ट - 5 मिनट,
H3,"फ़सल बिक्री में आ रही है दिक्कत, फोटो मैच नहीं हो रही | भौंचक",
H3,"TCS-এ মহিলাদের উপর যৌন নির্যাতন, ধর্মান্তরণ ও মাংস খাওয়ানোর অভিযোগ; নাসিকে তোলপাড়",
H3,"Shani Uday 2026: শনি উদয়ে ৩ রাশিতে শনিদেবের দৃষ্টি, শর্টকাট নিলেই পড়বেন প্যাঁচে",
H3,"अंबेडकर जयंती पर पंजाब सरकार की नई योजना, महिलाओं को करेंगे सशक्त.. हर महीने होगा 1000-1500 रुपए का भुगतान",
H3,"How To Get Rid Of Cockroach: नहीं आ रहे महंगे प्रोडक्ट्स काम.. तो अपना लें घरेलू नुस्खा, छोड़ देंगे पीछा आपके घर का कॉकरोच",
H3,केरल का नाम क्यों बदला जा रहा? पढ़ें- केरलम नाम के पीछे की कहानी,
H3,मॉन्टेग्यू सुधार से पेरियार तक... तमिलनाडु में कैसे पड़ी आरक्षण की नींव और उदय हुआ पेरियार का सोशल जस्टिस,
H3,"ब्राह्मण वर्चस्व, गैर-ब्राह्मण चेतना और जस्टिस पार्टी का उदय, कैसे बदली दक्षिण की सियासत",
H3,"CSK vs KKR Live: Allen falls early, Rahane joins Narine in 193-run chase",
H3,"Israel, Lebanon envoys begin historic talks in Washington to discuss peace deal",
Paragraph,पाकिस्तान ने एक बार फिर कूटनीतिक पहल करते हुए अमेरिका और ईरान के बीच बातचीत का दूसरा दौर आयोजित करने का प्रस्ताव दिया है. संघर्ष विराम की समयसीमा खत्म होने से पहले इस कोशिश को बेहद अहम माना जा...,
Paragraph,विराट कोहली अगले मैच से होंगे OUT? इंजरी पर आई ये अपडेट,
Paragraph,"प्रफुल्ल हिंगे की 6 गेंदों का जादू, इंटरनेट पर फॉलोवर्स हुए बेकाबू",
Paragraph,"9 साल बड़े बॉयफ्रेंड संग शादी रचाएगी एक्ट्रेस, बताया क्या है प्लान",
Paragraph,इस सूअर के इंस्टाग्राम पर हैं 11 लाख फॉलोअर्स... इतना फेमस कि बना वर्ल्ड रिकॉर्ड!,
Paragraph,"ममता बनर्जी ने पहने 3 फिटनेस बैंड, जानिए इसके पीछे की वजह!",
Paragraph,"कल से हैं एग्जाम, चलेंगी स्पेशल ट्रेनें, ध्यान रखें ये 5 बातें",
Paragraph,कल दिल्ली में 37 तो लखनऊ में 40 डिग्री चढ़ेगा पारा! जानें अपने शहर का मौसम,
Paragraph,पिछले दो दिनों से नोएडा में फैक्ट्री कर्मचारियों ने जोरदार प्रदर्शन किया. बीती देर रात यूपी सरकार ने इन प्रदर्शनकारी कर्मचारियों का वेतन भी बढ़ा दिया. लेकिन फिर भी ये कर्मचारी शांत नहीं हुए. इधर उत्तर प्रदेश सरकार को इन भड़के हुए...,
Paragraph,"वाणी का प्रयोग सोच समझ कर करें, किसी दूसरे के भरोसे काम ना छोड़ें, प्रॉपर्टी से संबंधित काम बनेंगे, धन खर्च में सावधानी बरतें, सेहत का ख्याल रखें, व्य...",
Paragraph,Copyright © 2026 Living Media India Limited. For reprint rights: Syndications Today,
Link,India Today,https://www.indiatoday.in/
Link,इंडिया टुडे हिंदी,https://www.indiatodayhindi.com/
Link,Business Today,https://www.businesstoday.in/
Link,पाकिस्तान में ईरान से बातचीत अगले 2 दिनों में हो सकती है: ट्रंप,https://www.aajtak.in/breakingnews/story/latest-breaking-news-in-hindi-14-april-2026-ntc-mdsb-2523133-2026-04-14
Link,उठो अनारकली,https://epaper.aajtak.in/page2/3727/31334663/2026-4-14
Link,US Israel Iran War,https://www.aajtak.in/world/story/us-iran-israel-war-live-updates-ceasefire-talks-hormuz-strait-blockade-trump-middle-east-lebanon-conflict-mdsb-ntc-2523273-2026-04-14
Link,सम्राट चौधरी,https://www.aajtak.in/topic/samrat-choudhary
Link,नीतीश कुमार,https://www.aajtak.in/topic/nitish-kumar
Link,CSK Vs KKR Live Score,https://www.aajtak.in/sports/cricket/story/csk-vs-kkr-live-cricket-score-ipl-2026-indian-premier-league-match-aksp-dskc-2523768-2026-04-14
Link,डोनाल्ड ट्रंप,https://www.aajtak.in/topic/donald-trump
Link,विधानसभा चुनाव,https://www.aajtak.in/elections
Link,"बिहार में पहली बार बनेगा बीजेपी का CM, नीतीश की जगह लेंगे सम्राट चौधरी, कल शपथ ग्रहण",https://www.aajtak.in/bihar/story/nitish-kumar-resigns-samrat-choudhary-set-to-become-bihar-first-bjp-cm-ntc-dpmx-dskc-2523887-2026-04-14
Link,"बिहार में पावर शिफ्ट के सेंटर में सम्राट चौधरी, BJP ने क्यों चला ये बड़ा दांव?",https://www.aajtak.in/bihar/story/why-bjp-chose-samrat-choudhary-as-bihar-next-chief-minister-lclnt-rptc-2523858-2026-04-14
Link,बिहार में सम्राट चौधरी के सीएम बनने से यूपी की सियासत पर क्या असर?,https://www.aajtak.in/india/news/story/bihar-new-cm-samrat-choudhary-kushwaha-vote-bank-uttar-pradesh-politics-ntc-amkr-rptc-2523869-2026-04-14
Link,बिहार के भावी सीएम सम्राट चौधरी के लिए नीतीश कुमार की ‘वसीयत’,https://www.aajtak.in/opinion-analysis-/story/nitish-kumar-legacy-biggest-challenge-for-new-bihar-cm-samrat-chaudhary-ntcpmr-dskc-2523827-2026-04-14
Link,"पाकिस्तान में दूसरी बार मिल सकते हैं US-ईरान, ट्रंप बोले- हम बातचीत को तैयार
पाकिस्तान ने एक बार फिर कूटनीतिक पहल करते हुए अमेरिका और ईरान के बीच बातचीत का दूसरा दौर आयोजित करने का प्रस्ताव दिया है. संघर्ष विराम की समयसीमा खत्म होने से पहले इस कोशिश को बेहद अहम माना जा...",https://www.aajtak.in/world/story/us-iran-war-second-round-peace-talks-pakistan-donald-trump-ntc-mkg-dskc-2523903-2026-04-14
Link,"'जिम जिहाद', अरबपति की बीवी और लाखों की वसूली... 'गंदे खेल' का खुलासा",https://www.aajtak.in/crime/news/story/surat-gym-trainer-arrest-in-surat-for-stalking-married-woman-blackmailing-lclnt-strc-2523914-2026-04-14
Link,गुजरात के सूरत में एक जिम ट्रेनर शब्बीर असगर ट्रंकवाला को महिला को प्रेमजाल में फंसाकर ब्लैकमेल करने के...,https://www.aajtak.in/crime/news/story/surat-gym-trainer-arrest-in-surat-for-stalking-married-woman-blackmailing-lclnt-strc-2523914-2026-04-14
Link,"अंडमान सागर में बड़ा हादसा, रोहिंग्याओं-बांग्लादेशियों से भरी नाव डूबी, 250 लोग लापता",https://www.aajtak.in/superfast?utm_source=Superfast_Internal&utm_medium=Home_page&utm_campaign=tracking
Link,"आपकी जरूरत की हर खबर, आजतक ई-पेपर में, पढ़ें बिल्कुल मुफ्त",https://epaper.aajtak.in/?utm_source=Aajtak_website_homepage_2ndStory
Link,नीरव मोदी को जल्द लाया जा सकता है भारत! लंदन में मौजूद CBI की टीम,https://www.aajtak.in/world/story/nirav-modi-gets-anonymity-european-court-of-human-rights-extradition-wdrk-dskc-2523915-2026-04-14
Link,"मलयाली एक्टर ने 'जबरदस्ती' एक्ट्रेस को खिलाया बीफ, भड़के यूजर्स",https://www.aajtak.in/entertainment/news/story/malayalam-actor-shiyas-kareem-forces-anumol-anukutty-to-eat-beef-faces-backlash-on-social-media-video-tmovp-dskc-2523912-2026-04-14
Link,"ये 5 संकेत... कल शेयर बाजार में होगी बल्‍ले-बल्‍ले, ETFs वाले भी छापेंगे पैसा!",https://www.aajtak.in/business/news/story/stock-market-rally-crude-down-iran-us-war-among-five-indicators-tutd-dskc-2523904-2026-04-14
Link,विराट कोहली अगले मैच से होंगे OUT? इंजरी पर आई ये अपडेट,https://www.aajtak.in/visualstories/sports/virat-kohli-injury-update-will-he-play-next-rcb-game-ipl-2026-aksp-278577-14-04-2026
Link,"ज्येष्ठ में 4 या 5 नहीं, 8 बड़े मंगल, नोट करें तारीख और शुभ मुहूर्त",https://www.aajtak.in/religion/news/story/bada-mangal-2026-date-hanuman-puja-vidhi-shubh-muhurt-eight-bada-mangal-jyeshtha-mangal-tvisu-dskc-2523881-2026-04-14
Link,"LIVE: केकेआर की बैटिंग जारी, सीएसके ने दिया है 193 रनों का लक्ष्य",https://www.aajtak.in/sports/cricket/story/csk-vs-kkr-live-cricket-score-ipl-2026-indian-premier-league-match-aksp-dskc-2523768-2026-04-14
Link,"TCS स्कैंडल: उत्पीड़न और कन्वर्जन का पैटर्न, अंडरकवर ऑपरेशन से हुए नए खुलासे",https://www.aajtak.in/india/maharashtra/story/nashik-tcs-bpo-conversion-case-victims-rise-sit-investigation-updates-lclar-rptc-2523745-2026-04-14
Link,होर्मुज पर चीन-US में तनाव... देखें मिडिल ईस्ट के हालात पर स्पेशल कवरेज,https://www.aajtak.in/full-coverage/us-israel-attack-on-iran
Link,"'दो मिनट में इटली को तबाह कर देगा ईरान', दोस्त मेलोनी पर क्यों भड़के ट्रंप!",https://www.aajtak.in/world/story/trump-accuses-meloni-of-not-supporting-us-in-iran-war-weakening-us-italy-relations-pope-leo-wdrk-dskc-2523890-2026-04-14
Link,"शादी पर रश्मिका भूलीं ट्रेडिशनल ब्राइडल लुक, 90 मिनट में हुई थीं तैयार",https://www.aajtak.in/entertainment/bollywood-news/photo/rashmika-mandanna-got-ready-90-minutes-wedding-vijay-deverakonda-rejected-bridal-glam-tmovp-2523884-2026-04-14
Link,"CM योगी की रैली के दौरान 'टल्ली' हुए दारोगा जी, जमीन पर लोटते दिखे",https://www.aajtak.in/uttar-pradesh/story/daroga-found-drunk-on-ground-during-chief-minister-yogi-adityanath-rally-muzaffarnagar-lclam-strc-2523821-2026-04-14
Link,"सम्राट चौधरी के CM बनने की घोषणा पर गांव में जश्न, चर्चा में आया भाभी का बयान",https://www.aajtak.in/bihar/story/samrat-choudhary-cm-announcement-celebration-lakhanpur-village-family-bhabi-munger-lclar-strc-2523873-2026-04-14
Link,"राष्ट्रपति ट्रंप ने PM मोदी को लगाया फोन, ईरान और होर्मुज पर 40 मिनट तक हुई चर्चा",https://www.aajtak.in/world/story/pm-modi-talks-to-donald-trump-40-minutes-long-talks-iran-international-issue-ntcppl-dskc-2523867-2026-04-14
Link,"फर्जी डॉक्टर ने किए 100 ट्रांसप्लांट, कानपुर किडनी रैकेट में कई चौंकाने वाले खुलासे",https://www.aajtak.in/uttar-pradesh/story/kanpur-kidney-racket-fake-doctor-performed-over-100-transplants-lclnt-strc-2523899-2026-04-14
Link,बिहार सीएम लाइव,https://www.aajtak.in/india/politics/story/nitish-kumar-resignation-live-updates-bihar-new-cm-announcement-ntc-vhrw-2523359-2026-04-14
Link,नोएडा प्रोटेस्ट,https://www.aajtak.in/india/news/story/noida-employee-protest-live-updates-high-alert-ncr-violence-police-action-ntc-drmt-2523357-2026-04-14
Link,सिद्धारमैया,https://www.aajtak.in/karnataka/story/karnatka-congress-conflict-siddaramaiah-sacks-nazir-ahmed-anti-party-activities-ntcpkb-rpti-2523413-2026-04-14
Link,सीबीएसई बोर्ड 10th रिजल्ट लाइव,https://www.aajtak.in/education/results/story/cbse-board-class-10th-12th-result-2026-live-updates-where-to-check-websites-link-edmm-2523481-2026-04-14
Link,युजवेंद्र चहल,https://www.aajtak.in/entertainment/television/story/gandi-baat-taniya-chatterjee-claims-yuzvendra-chahal-pr-team-asked-delete-video-bold-actress-dhanashree-verma-tmovb-dskc-2523406-2026-04-14
Link,यूपी बोर्ड रिजल्ट लाइव,https://www.aajtak.in/education/results/story/up-board-10th-12th-result-2026-live-updates-upmsp-marksheet-download-digilocker-sms-guide-edmm-2523517-2026-04-14
Link,शॉर्ट वीडियो,https://www.aajtak.in/short-videos
Link,"सम्राट चौधरी के CM बनने की घोषणा से पैतृक गांव में मना जश्न, Video",https://www.aajtak.in/short-videos/video/celebrations-in-village-following-announcement-of-samrat-choudhary-becoming-cm-vdok-lcl-vtp-2523921-2026-04-14
Link,जडेजा की गेंदबाजी पर पराग का फैसला क्यों बना विवाद?,https://www.aajtak.in/short-videos/video/riyan-parag-decision-controversy-ravindra-jadeja-no-bowling-rajasthan-royals-loss-srh-ipl-2026-match-mmta-2523916-2026-04-14
Link,"'बच्चा तुम्हारा जैसा नहीं' गांव वाले उड़ाते थे मजाक, गुस्साए पिता ने कर दी बेटे की हत्या",https://www.aajtak.in/karnataka/story/vijayapura-father-kills-son-krishna-river-murder-case-arrested-investigation-lclar-rptc-2523909-2026-04-14
Link,"छत्तीसगढ़ के वेदांता पावर प्लांट में ब्लास्ट, बॉयलर फटने से 10 की मौत, 23 घायल",https://www.aajtak.in/india/chhattisgarh/story/blast-at-vedanta-power-plant-in-chhattisgarh-many-workers-injured-lclnt-dskc-2523825-2026-04-14
Link,"क्या पाकिस्तान ने नहीं चुकाया सेरेना होटल का बिल? ईरान वार्ता खत्म, पर विवाद जारी",https://www.aajtak.in/world/story/serena-hotel-islamabad-talks-no-bill-paid-by-pakistan-govt-ntcppl-dskc-2523823-2026-04-14
Link,फर्स्ट लैंग्वेज अंग्रेजी न होने पर ब्रिटेन में भारतीय महिला को जॉब से निकाला,https://www.aajtak.in/world/story/indian-origin-woman-uk-fired-english-first-language-sai-keerthana-telugu-ntc-amkr-dskc-2523905-2026-04-14
Link,"बुध प्रदोष व्रत कल, जानें पूजन विधि और महाउपाय",https://www.aajtak.in/religion/news/story/budh-pradosh-vrat-2026-date-15-april-puja-vidhi-shubh-muhurt-upay-tvisu-dskc-2522292-2026-04-14
Link,"इस तरह बनाएं सहजन की सब्जी, बच्चे भी मांग-मांग कर खाएंगे",https://www.aajtak.in/lifestyle/kitchen/story/sahjan-ki-sabji-recipe-spicy-moringa-allo-vegetable-masaledar-tasty-drumstick-potato-curry-healthy-indian-food-tmovx-dskc-2522050-2026-04-14
Link,"प्रफुल्ल हिंगे की 6 गेंदों का जादू, इंटरनेट पर फॉलोवर्स हुए बेकाबू",https://www.aajtak.in/visualstories/sports/sanju-samson-beats-jasprit-bumrah-to-win-this-big-icc-player-of-the-month-award-aksp-278563-14-04-2026
Link,इंडिया टुडे हिंदी,https://www.indiatodayhindi.com/?utm_source=at_hp&utm_medium=referral&utm_campaign=ithindiathome
Link,कभी नीतीश की गद्दी बचाने वाले सम्राट अब बनेंगे बिहार में उनके उत्तराधिकारी,https://www.indiatodayhindi.com/state/story/samrat-choudhary-bihar-cm-successor-nitish-kumar-1375686-2026-04-14?utm_source=at_hp&utm_medium=referral&utm_campaign=ithindiathome
Link,बंगाल में BJP का 'कार्पेट बॉम्बिंग' कैंपेन चुनावी माहौल को बदल पाएगा?,https://www.indiatodayhindi.com/state/story/bjp-west-bengal-amit-shah-mamata-banerjee-carpet-bombing-campaign-shift-bengals-electoral-mood-1375406-2026-04-14?utm_source=at_hp&utm_medium=referral&utm_campaign=ithindiathome
Link,कुछ और पसरे यूसीसी के पांव,https://www.indiatodayhindi.com/magazine/state/story/20260415-ucc-gets-its-second-lab-in-gujarat-uniform-civil-code-1371727-2026-04-14?utm_source=at_hp&utm_medium=referral&utm_campaign=ithindiathome
Link,"वेदांता पावर प्लांट में बड़ा हादसा, बॉयलर फटने से 10 लोगों की मौत",https://www.aajtak.in/india/chhattisgarh/video/major-accident-at-vedanta-power-plant-due-to-boiler-explosion-vdok-2523874-2026-04-14
Link,"ब‍िहार पहुंचे श‍िवराज ने सम्राट चौधरी को दी बधाई, नीतीश को यूं क‍िया याद",https://www.aajtak.in/bihar/video/bjp-central-observer-shivraj-singh-congratulates-samrat-choudhary-on-election-of-bihar-legislature-party-leader-and-praises-nitish-kumar-vdoj-2523743-2026-04-14
Link,"ट्रंप ने PM मोदी को लगाया फोन, जानें 40 मिनट तक किन मुद्दों पर हुई बात
3:02",https://www.aajtak.in/world/video/us-israel-iran-war-pm-modi-donald-trump-phone-call-hormuz-strait-vdot-2523888-2026-04-14
Link,"'बिहार की जनता ने उन्हें CM नहीं चुना', सम्राट चौधरी पर तेजस्वी का हमला",https://www.aajtak.in/bihar/video/bihar-new-cm-announcement-samrat-choudhary-tejashwi-yadav-statement-vdot-2523792-2026-04-14
Link,"नोएडा में अब मेड्स का हल्ला बोल, सोसाइटी के बाहर किया पथराव, Video",https://www.aajtak.in/india/news/video/noida-maid-house-help-protest-over-salary-hike-society-attack-vdor-2523519-2026-04-14
Link,विजुअल स्टोरीज़,https://www.aajtak.in/visualstories/?utm_source=athomepage&utm_medium=bottomwidget&utm_campaign=visualstories
Link,विराट कोहली अगले मैच से होंगे OUT? इंजरी पर आई ये अपडेट,https://www.aajtak.in/visualstories/sports/virat-kohli-injury-update-will-he-play-next-rcb-game-ipl-2026-aksp-278577-14-04-2026
Link,"प्रफुल्ल हिंगे की 6 गेंदों का जादू, इंटरनेट पर फॉलोवर्स हुए बेकाबू",https://www.aajtak.in/visualstories/sports/sanju-samson-beats-jasprit-bumrah-to-win-this-big-icc-player-of-the-month-award-aksp-278563-14-04-2026
Link,"9 साल बड़े बॉयफ्रेंड संग शादी रचाएगी एक्ट्रेस, बताया क्या है प्लान",https://www.aajtak.in/visualstories/entertainment/tejasswi-prakash-karan-kundrra-marriage-rumors-actress-reveals-plan-not-happening-tmovp-278562-14-04-2026
Link,इस सूअर के इंस्टाग्राम पर हैं 11 लाख फॉलोअर्स... इतना फेमस कि बना वर्ल्ड रिकॉर्ड!,https://www.aajtak.in/visualstories/trending/merlin-pig-instagram-followers-guinness-world-record-most-popular-pig-tstsd-278569-14-04-2026
Link,"ममता बनर्जी ने पहने 3 फिटनेस बैंड, जानिए इसके पीछे की वजह!",https://www.aajtak.in/visualstories/technology/mamata-banerjee-3-fitness-bands-viral-photo-health-tech-secret-ttec-278541-14-04-2026
Link,"कल से हैं एग्जाम, चलेंगी स्पेशल ट्रेनें, ध्यान रखें ये 5 बातें",https://www.aajtak.in/visualstories/education/bpsc-exam-special-train-routes-railway-division-muzzaffarpur-ngix-278568-14-04-2026
Link,कल दिल्ली में 37 तो लखनऊ में 40 डिग्री चढ़ेगा पारा! जानें अपने शहर का मौसम,https://www.aajtak.in/visualstories/news/weather-forecast-tomorrow-15th-april-2026-kal-ka-mausam-kaisa-rahega-lbs-aiwf-278567-14-04-2026
Link,"मलयाली एक्टर ने 'जबरदस्ती' एक्ट्रेस को खिलाया बीफ, भड़के यूजर्स",https://www.aajtak.in/entertainment/news/story/malayalam-actor-shiyas-kareem-forces-anumol-anukutty-to-eat-beef-faces-backlash-on-social-media-video-tmovp-dskc-2523912-2026-04-14
Link,"शादी पर रश्मिका भूलीं ट्रेडिशनल ब्राइडल लुक, 90 मिनट में हुई थीं तैयार",https://www.aajtak.in/entertainment/bollywood-news/photo/rashmika-mandanna-got-ready-90-minutes-wedding-vijay-deverakonda-rejected-bridal-glam-tmovp-2523884-2026-04-14
Link,बंद होने वाला है अक्षय कुमार का शो 'व्हील ऑफ फॉर्चून'?,https://www.aajtak.in/entertainment/television/story/akshay-kumar-wheel-of-fortune-go-off-air-rajeev-khandelwal-tum-ho-naa-replace-tmovp-dskc-2523836-2026-04-14
Link,"'रिश्तेदार ने की छेड़छाड़', कोरियोग्राफर ने दिल नें दबाया दर्द, मां को बताने से करताई",https://www.aajtak.in/entertainment/television/photo/choreographer-shakti-mohan-faced-molestation-eve-teasing-by-relatives-emotional-mother-shocked-tmovf-2523657-2026-04-14
Link,कौन है वो हसीना? ज‍िस पर चहल ने बनाया वीड‍ियो ड‍िलीट करने का प्रेशर,https://www.aajtak.in/entertainment/bollywood-news/photo/taniya-chatterjee-worked-in-adult-b-grade-films-linked-to-yuzvendra-chahal-bikini-look-tmovh-2523649-2026-04-14
Link,राज्यवार खबरें,https://www.aajtak.in/uttar-pradesh
Link,नोएडा-ग्रेटर नोएडा में मजदूरों को भड़काने वाली साजिश किसने रची?,https://www.aajtak.in/uttar-pradesh/video/noida-protest-who-incited-factory-workers-vdok-2523911-2026-04-14
Link,"फर्जी डॉक्टर ने किए 100 ट्रांसप्लांट, कानपुर किडनी रैकेट में कई चौंकाने वाले खुलासे",https://www.aajtak.in/uttar-pradesh/story/kanpur-kidney-racket-fake-doctor-performed-over-100-transplants-lclnt-strc-2523899-2026-04-14
Link,"CM योगी की रैली के दौरान 'टल्ली' हुए दारोगा जी, जमीन पर लोटते दिखे",https://www.aajtak.in/uttar-pradesh/story/daroga-found-drunk-on-ground-during-chief-minister-yogi-adityanath-rally-muzaffarnagar-lclam-strc-2523821-2026-04-14
Link,"झांसी में गैस एजेंसी कर्मचारियों ने ग्राहक को घेरकर पीटा, Video",https://www.aajtak.in/uttar-pradesh/story/jhansi-gas-agency-beating-customer-video-viral-kotwali-case-lclar-strc-2523847-2026-04-14
Link,"'घड़ियाली आंसू बहा रहा विपक्ष', अंबेडकर जयंती पर गरजे सीएम योगी",https://www.aajtak.in/uttar-pradesh/story/cm-yogi-ambedkar-jayanti-opposition-attack-social-justice-statement-lclar-rptc-2523793-2026-04-14
Link,"'जिम जिहाद', अरबपति की बीवी और लाखों की वसूली... 'गंदे खेल' का खुलासा",https://www.aajtak.in/crime/news/story/surat-gym-trainer-arrest-in-surat-for-stalking-married-woman-blackmailing-lclnt-strc-2523914-2026-04-14
Link,परतवाड़ा अश्लील वीडियो कांड: AIMIM से जुड़े आरोपी की गिरफ्तारी के बाद बवाल,https://www.aajtak.in/crime/news/story/amravati-paratwada-obscene-video-case-aimim-accused-arrested-pvzs-strc-2523851-2026-04-14
Link,"रेप के आरोपी अशोक खरात का हो सकता है एनकाउंटर, सांसद का सनसनीखेज दावा",https://www.aajtak.in/crime/story/ashok-kharat-could-face-encounter-claims-congress-mp-praniti-shinde-lclnt-rpti-2523789-2026-04-14
Link,"सांसद प्रणिती शिंदे का बड़ा दावा, अशोक खरात के एनकाउंटर की आशंका",https://www.aajtak.in/india/maharashtra/story/praniti-shinde-ashok-kharat-encounter-claim-pvzs-rpti-2523785-2026-04-14
Link,"50 करोड़ के मनी लॉन्ड्रिंग केस में ED का बड़ा एक्शन, विनेश चंदेल गिरफ्तार",https://www.aajtak.in/crime/police-and-intelligence/story/ed-arrests-vinesh-chandel-indian-pac-consulting-money-laundering-case-pvzs-rpti-2523656-2026-04-14
Link,"LIVE: केकेआर की बैटिंग जारी, सीएसके ने दिया है 193 रनों का लक्ष्य",https://www.aajtak.in/sports/cricket/story/csk-vs-kkr-live-cricket-score-ipl-2026-indian-premier-league-match-aksp-dskc-2523768-2026-04-14
Link,सूर्या होंगे टीम इंडिया से OUT? जानें क्यों BCCI ले सकता है ये सख्त फैसला,https://www.aajtak.in/sports/cricket/story/suryakumar-yadav-be-dropped-from-team-india-know-why-bcci-tough-decision-aksp-dskc-2523762-2026-04-14
Link,"हार की हैट्रिक झेल चुकी MI के लिए गुड न्यूज, टीम से जुड़ेगा ये स्टार ऑलराउंडर",https://www.aajtak.in/sports/cricket/story/will-jacks-set-to-join-mumbai-indians-after-hat-trick-defeat-in-ipl-2026-aksp-dskc-2523831-2026-04-14
Link,"PSL छोड़कर IPL चुना, PCB ने इस पेसर पर लगा द‍िया 2 साल का बैन",https://www.aajtak.in/sports/cricket/story/blessing-muzarabani-2-year-ban-pcb-ipl-psl-controversy-mohsin-naqvi-tspok-dskc-2523687-2026-04-14
Link,"संजू सैमसन ने जसप्रीत बुमराह को पछाड़ा, जीता ICC का ये बड़ा अवॉर्ड",https://www.aajtak.in/sports/cricket/story/sanju-samson-beats-jasprit-bumrah-to-win-this-big-icc-player-of-the-month-award-aksp-dskc-2523731-2026-04-14
Link,"रागी के आटे से घर पर बनाएं हेल्दी-टेस्टी चिप्स, मिलेगा चटपटा स्वाद",https://www.aajtak.in/lifestyle/kitchen/story/ragi-atta-chips-recipe-finger-millet-flour-homemade-healthy-snacks-at-home-tmovx-dskc-2522005-2026-04-14
Link,क्या बाल कटवाने से सच में लंबाई बढ़ती है? जानें हेयरकट से कितना फायदा,https://www.aajtak.in/lifestyle/news/story/hair-care-tips-best-time-for-haircut-for-growth-bal-kitne-samay-me-katna-chahiye-tvism-dskc-2523757-2026-04-14
Link,प्रोटीन शेकर से आ रही बदबू? इन 4 घरेलू नुस्खों से चुटकियों में भगाएं गंध,https://www.aajtak.in/lifestyle/news/story/how-to-remove-protein-shaker-smell-easy-tips-protein-shaker-ki-bbadbu-kaise-door-kare-in-hindi-tvism-dskc-2523513-2026-04-14
Link,"वेट लॉस से डाइजेशन तक, शरीर के लिए जरूरी है फाइबर! जानें सही मात्रा",https://www.aajtak.in/health/story/how-much-fiber-do-you-need-daily-expert-guide-weight-loss-tvism-dskc-2522925-2026-04-14
Link,"रात की बची दाल से बनाएं टेस्टी पराठा, रेसिपी है आसान",https://www.aajtak.in/lifestyle/kitchen/story/dal-paratha-recipe-leftover-pulses-lentils-wheat-flour-ghehu-atta-dish-quick-breakfast-idea-tmovx-dskc-2523727-2026-04-14
Link,"ज्येष्ठ में 4 या 5 नहीं, 8 बड़े मंगल, नोट करें तारीख और शुभ मुहूर्त",https://www.aajtak.in/religion/news/story/bada-mangal-2026-date-hanuman-puja-vidhi-shubh-muhurt-eight-bada-mangal-jyeshtha-mangal-tvisu-dskc-2523881-2026-04-14
Link,सोने-चांदी-हीरे के खुफिया चैम्बर! जगन्नाथ मंदिर के पुजारियों का खुलासा,https://www.aajtak.in/religion/news/story/jagannath-mandir-immense-gold-diamonds-silver-in-secret-chamber-richest-temple-of-india-tvisu-dskc-2522994-2026-04-14
Link,"भारत में 3 बार मनाया जाता है नया साल, जानें कब-कब होता है सेलिब्रेट",https://www.aajtak.in/religion/news/story/solar-new-year-2026-three-times-new-years-in-india-hindu-nav-varsha-calendar-tvisu-dskc-2523829-2026-04-14
Link,"सौर नववर्ष आज से शुरू, अप्रैल 2027 तक सतर्क रहें ये 3 राशियां",https://www.aajtak.in/religion/news/story/solar-new-year-2026-rashifal-negative-impact-vrishabh-kanya-meen-face-problems-challenges-tvisu-dskc-2523782-2026-04-14
Link,क्या AI बन रहा है बच्चों का नया बेस्ट फ्रेंड?,https://www.aajtak.in/short-videos/video/teenage-children-with-ai-friends-social-isolation-technology-mmtc-2519184-2026-04-13
Link,"₹10,000+ UPI ट्रांजैक्शन पर लगेगा 1 घंटे का ब्रेक!",https://www.aajtak.in/short-videos/video/upi-payment-delay-rbi-new-rule-10000-limit-cyber-fraud-safety-plan-check-details-mmtm-2522672-2026-04-13
Link,"UPI पेमेंट्स में 1 घंटे की देरी? RBI की तैयारी, बदलेगा ये नियम",https://www.aajtak.in/technology/tech-news/story/upi-new-rule-1-hour-delay-rbi-india-ttecr-dskc-2521756-2026-04-12
Link,"Gmail में एंड-टू-एंड एन्क्रिप्शन, ईमेल होंगे ज्यादा सुरक्षित!",https://www.aajtak.in/short-videos/video/gmail-end-to-end-encryption-android-ios-google-workspace-email-security-update-features-mmta-2521209-2026-04-11
Link,"अब सुधार सकेंगे गलती, इंस्टाग्राम लाया नया फीचर",https://www.aajtak.in/technology/tech-news/story/instagram-adds-15-minute-comment-editing-feature-ttecr-dskc-2521256-2026-04-11
Link,"कितना पढ़े-ल‍िखे हैं बिहार के होने वाले CM, दोस्त बुलाते हैं 'डॉक्टर' सम्राट",https://www.aajtak.in/education/news/story/samrat-choudhary-education-political-controversy-bihar-chief-minister-edmm-dskc-2523645-2026-04-14
Link,"डिजीलॉकर पर चेक करें CBSE 10वीं का रिजल्ट, साइट की नहीं होगी टेंशन",https://www.aajtak.in/education/results/story/cbse-10-board-digilocker-update-apaar-id-login-adhar-roll-number-ngix-dskc-2523618-2026-04-14
Link,दिल्ली-नोएडा जैसे शहरों में प्राइवेट नौकरी करते हैं? जान लें अपने हक,https://www.aajtak.in/education/career/photo/new-labor-code-bill-private-job-rights-duty-services-pf-funds-leaves-edmm-2522944-2026-04-14
Link,कौन हैं नोएडा की DM मेधा रूपम? ओवरटाइम पर कही बड़ी बात,https://www.aajtak.in/education/news/story/know-about-noida-dm-medha-roopam-factory-worker-protest-salary-hike-ngix-dskc-2523497-2026-04-14
Link,"यूपी बोर्ड रिजल्ट डेट का इंतजार तेज, ऐसे डाउनलोड करें मार्कशीट",https://www.aajtak.in/education/results/story/up-board-10th-12th-result-2026-live-updates-upmsp-marksheet-download-digilocker-sms-guide-edmm-2523517-2026-04-14
Link,"बिहार CM पद से नीतीश कुमार का इस्तीफा, जानिए इनकी नेटवर्थ",https://www.aajtak.in/business/news/story/nitish-kumar-to-resign-as-bihar-cm-shortly-know-his-networth-tutc-dskc-2523625-2026-04-14
Link,"संकट में चीन... US-ईरान जंग से निकला तेल, यहां लगी तगड़ी चोट",https://www.aajtak.in/business/news/story/china-crisis-export-growth-slows-as-us-iran-war-raises-uncertainty-tutc-dskc-2523377-2026-04-14
Link,"रोज डूबेंगे ₹4000Cr... US की होर्मुज 'नाकाबंदी', संकट में ईरान की लाइफलाइन",https://www.aajtak.in/business/news/story/us-blockade-hormuz-attacks-iran-trade-lifeline-loss-435-million-dollar-daily-tutc-dskc-2523332-2026-04-14
Link,"'हमारे मामले में दखल नहीं...', ईरान संग खुलकर आया चीन, ट्रंप को दे दी वॉर्निंग",https://www.aajtak.in/business/news/story/china-backs-iran-as-trump-hormuz-blockade-threat-warns-dont-meddle-in-our-affairs-tutc-dskc-2522830-2026-04-13
Link,"समझौता कराने चला था पाकिस्तान, खुद को आज हो गया भारी नुकसान",https://www.aajtak.in/business/news/story/pakistan-stock-market-kse-100-crash-after-record-gain-amid-us-iran-talks-fail-tutc-dskc-2522648-2026-04-13
Link,"होर्मुज ब्लॉकेड के लिए US ने उतारे 10 हजार कमांडो, फारस की खाड़ी पर अमेरिकी कंट्रोल!",https://www.aajtak.in/world/story/hormuz-blockade-america-ten-thousand-us-forces-fighter-jet-iranian-port-ntcppl-dskc-2523927-2026-04-14
Link,इजरायल-लेबनान में युद्धविराम पर बनेगी बात? हिज्बुल्लाह ने वार्ता का किया बॉयकॉट,https://www.aajtak.in/world/story/israel-lebanon-hold-first-direct-talks-in-decades-amid-ongoing-conflict-hezbollah-boycotts-ntc-dpmx-dskc-2523923-2026-04-14
Link,नीरव मोदी को जल्द लाया जा सकता है भारत! लंदन में मौजूद CBI की टीम,https://www.aajtak.in/world/story/nirav-modi-gets-anonymity-european-court-of-human-rights-extradition-wdrk-dskc-2523915-2026-04-14
Link,फर्स्ट लैंग्वेज अंग्रेजी न होने पर ब्रिटेन में भारतीय महिला को जॉब से निकाला,https://www.aajtak.in/world/story/indian-origin-woman-uk-fired-english-first-language-sai-keerthana-telugu-ntc-amkr-dskc-2523905-2026-04-14
Link,ईरान से डील को लेकर क्या बोले ट्रंप?,https://www.aajtak.in/short-videos/video/what-did-trump-say-regarding-deal-with-iran-vdok-ytvd-2523443-2026-04-14
Link,साइंस न्यूज़,https://www.aajtak.in/science
Link,"समंदर में बारूदी सुरंग हटाने का काम कैसे होता है? ईरान ने बिछाया, हटा पाएगा अमेरिका",https://www.aajtak.in/science/story/naval-mine-removal-in-strait-of-hormuz-explained-dskc-2523496-2026-04-14
Link,"अंतरिक्ष से लौटते ही बेशुमार प्यार, NASA की क्रिस्टीना और उनके डॉग का वीडियो वायरल",https://www.aajtak.in/science/story/christina-koch-dog-reunion-nasa-artemis-mission-viral-video-mdsb-ntc-dskc-2523270-2026-04-14
Link,"जम्मू-कश्मीर में बड़ी आफत! 697 में से 315 झीलें गायब, CAG रिपोर्ट में खुलासा",https://www.aajtak.in/science/story/jammu-kashmir-vanishing-lakes-cag-report-rptc-2522941-2026-04-13
Link,गोल्डन फ्रॉग: 2009 में खत्म थी प्रजाति! अब बचाए जा रहे ये सुनहरे जीव,https://www.aajtak.in/science/story/panama-golden-frog-conservation-dskc-2522847-2026-04-13
Link,"हिमालय और स्ट्रेट ऑफ होर्मुज के बीच है खास रिश्ता, दोनों के बनने की एक जैसी कहानी",https://www.aajtak.in/science/story/himalayas-strait-of-hormuz-link-dskc-2522628-2026-04-13
Link,"मजा न आए, पैसा वापस! 75% मनीबैक गारंटी के साथ लॉन्च हुई धांसू SUV",https://www.aajtak.in/auto/news/story/volkswagen-taigun-facelift-launched-price-at-rs-10-99-lakh-features-mileage-specification-auaw-dskc-2523747-2026-04-14
Link,आसमान छूती लपटें... धुएं का गुबार! BYD की इलेक्ट्रिक कार फैक्ट्री में लगी आग,https://www.aajtak.in/auto/news/story/byd-electric-car-shenzhen-factory-fire-scrapped-vehicle-garage-no-casualties-auaw-dskc-2523659-2026-04-14
Link,Innova से बड़ी... 500KM रेंज! कल लॉन्च होगी 7-सीटर इलेक्ट्रिक कार,https://www.aajtak.in/auto/news/story/vinfast-vf-mpv-7-electric-car-launch-india-tomorrow-price-features-range-auaw-dskc-2523569-2026-04-14
Link,दिल्ली-देहरादून एक्सप्रेसवे पर चलेगा FASTag एनुअल पास? जानें कितना लगेगा Toll,https://www.aajtak.in/auto/news/story/delhi-dehradun-expressway-does-fastag-annual-pass-work-know-single-round-trip-toll-fee-price-auaw-dskc-2523484-2026-04-14
Link,320KM रेंज... 1.29 लाख कीमत! Ola का नया इलेक्ट्रिक स्कूटर लॉन्च,https://www.aajtak.in/auto/news/story/ola-s1-x-plus-electric-scooter-52-kwh-launched-price-of-rs-130-lakh-4680-bharat-cell-battery-auaw-dskc-2522828-2026-04-13
Link,चीजें छूकर देख रहा था वो सच हैं या नहीं? FIR के बाद समय रैना की थी ऐसी स्थिति,https://www.aajtak.in/health/story/samay-raina-psychosis-mental-health-symptoms-explained-tvism-dskc-2523791-2026-04-14
Link,"वेट लॉस से डाइजेशन तक, शरीर के लिए जरूरी है फाइबर! जानें सही मात्रा",https://www.aajtak.in/health/story/how-much-fiber-do-you-need-daily-expert-guide-weight-loss-tvism-dskc-2522925-2026-04-14
Link,"Kiss करने से पहले जरूर पिएं पानी, क्यों दी जा रही ये चेतावनी",https://www.aajtak.in/health/story/drink-water-before-kissing-gluten-transfer-kissing-celiac-disease-precautions-tvist-dskc-2523477-2026-04-14
Link,विचार एवं विश्लेषण,https://www.aajtak.in/opinion-analysis
Link,"बिहार में BJP का 'नो सरप्राइज’ ही सरप्राइज, यूं हटकर चली नई चाल",https://www.aajtak.in/opinion-analysis-/story/bihar-cm-samrat-chaudhary-story-behind-bjp-leadership-decision-surprisingly-obvious-ntcpdr-dskc-2523883-2026-04-14
Link,बिहार के भावी सीएम सम्राट चौधरी के लिए नीतीश कुमार की ‘वसीयत’,https://www.aajtak.in/opinion-analysis-/story/nitish-kumar-legacy-biggest-challenge-for-new-bihar-cm-samrat-chaudhary-ntcpmr-dskc-2523827-2026-04-14
Link,क्या जज को ‘कठघरे‘ में खड़ा कर पाए केजरीवाल? दोनों ओर से दिलचस्प दलीलें,https://www.aajtak.in/opinion-analysis-/story/kejriwal-arguments-delhi-high-court-judge-recusal-liquor-excise-policy-scam-case-ntcpmr-dskc-2523580-2026-04-14
Link,डिफेंस न्यूज,https://www.aajtak.in/defence-news
Link,ईरान के परमाणु बम का कच्चा माल किसके हवाले होगा? रूस या अमेरिका,https://www.aajtak.in/defence-news/story/who-will-take-iran-enriched-uranium-custody-dskc-2523557-2026-04-14
Link,"समंदर में बारूदी सुरंग हटाने का काम कैसे होता है? ईरान ने बिछाया, हटा पाएगा अमेरिका",https://www.aajtak.in/science/story/naval-mine-removal-in-strait-of-hormuz-explained-dskc-2523496-2026-04-14
Link,24 भारतीय भाषाओं में साहित्य अकादेमी पुरस्कार घोषित,https://www.aajtak.in/literature/story/sahitya-akademi-announces-sahitya-akademi-awards-2025-in-24-languages-mamta-kalia-wins-akademi-award-dskc-2498026-2026-03-16
Link,स्त्री-अनुभव का विस्तार है 'येनपक कथा और अन्य कहानियां',https://www.aajtak.in/literature/review/story/yenpak-katha-aur-anya-kahaniyan-is-a-spiritual-extension-of-contemporary-womens-experience-dskc-2472806-2026-02-23
Link,RJ रफत ने बताया अपने काम करने का खास तरीका,https://www.aajtak.in/short-videos/video/sahitya-aajtak-lucknow-2026-rj-rafat-unique-style-in-infotainment-explains-ytvd-2469222-2026-02-16
Link,आजतक रेडियो,https://www.aajtak.in/podcast
Link,रात 9 बजे का न्यूज़ पॉडकास्ट - 5 मिनट,https://podcasts.aajtak.in/news-current-affairs/audio-news-in-hindi/9-pm-news-podcast-5-minute-2523878-2026-04-14
Link,"फ़सल बिक्री में आ रही है दिक्कत, फोटो मैच नहीं हो रही | भौंचक",https://podcasts.aajtak.in/comedy/bhaunchak/crop-sales-are-facing-difficulties-as-the-photos-are-not-matching-bhaunchak-2523855-2026-04-14
Link,"TCS-এ মহিলাদের উপর যৌন নির্যাতন, ধর্মান্তরণ ও মাংস খাওয়ানোর অভিযোগ; নাসিকে তোলপাড়",https://bangla.aajtak.in/crime/story/allegations-harassment-forced-conversion-and-feeding-meat-to-women-at-tata-consultancy-services-uproar-in-nashik-suk-1375752-2026-04-14
Link,"Shani Uday 2026: শনি উদয়ে ৩ রাশিতে শনিদেবের দৃষ্টি, শর্টকাট নিলেই পড়বেন প্যাঁচে",https://bangla.aajtak.in/rashifal/story/shani-uday-2026-unlucky-for-3-zodiac-signs-trouble-in-life-if-taken-shortcut-mdv-1375740-2026-04-14
Link,"अंबेडकर जयंती पर पंजाब सरकार की नई योजना, महिलाओं को करेंगे सशक्त.. हर महीने होगा 1000-1500 रुपए का भुगतान",https://www.gnttv.com/india/story/on-ocassion-of-ambedkar-jayanti-punjab-government-launches-new-scheme-for-women-empowerment-shk-1375749-2026-04-14
Link,"How To Get Rid Of Cockroach: नहीं आ रहे महंगे प्रोडक्ट्स काम.. तो अपना लें घरेलू नुस्खा, छोड़ देंगे पीछा आपके घर का कॉकरोच",https://www.gnttv.com/offbeat/story/how-to-get-rid-of-cockroach-home-remedies-shk-1375741-2026-04-14
Link,केरल का नाम क्यों बदला जा रहा? पढ़ें- केरलम नाम के पीछे की कहानी,https://www.aajtak.in/india/news/story/kerala-name-change-to-keralam-history-language-cultural-identity-ntcpvp-dskc-2478600-2026-02-24
Link,मॉन्टेग्यू सुधार से पेरियार तक... तमिलनाडु में कैसे पड़ी आरक्षण की नींव और उदय हुआ पेरियार का सोशल जस्टिस,https://www.aajtak.in/explained/story/justice-party-periyar-social-justice-movement-tamil-nadu-history-ntcpvp-dskc-2477545-2026-02-24
Link,"ब्राह्मण वर्चस्व, गैर-ब्राह्मण चेतना और जस्टिस पार्टी का उदय, कैसे बदली दक्षिण की सियासत",https://www.aajtak.in/explained/story/tamil-arya-dravidian-conflict-cultural-political-impact-tamilnadu-ntcpvp-dskc-2473928-2026-02-19
Link,"CSK vs KKR Live: Allen falls early, Rahane joins Narine in 193-run chase",https://www.indiatoday.in/sports/cricket/story/csk-vs-kkr-live-score-ipl-2026-chennai-super-kings-kolkata-knight-riders-match-ajinkya-rahane-ruturaj-gaikwad-2896100-2026-04-14
Link,"Israel, Lebanon envoys begin historic talks in Washington to discuss peace deal",https://www.indiatoday.in/world/story/israel-lebanon-hold-first-direct-talks-in-decades-to-discuss-ceasefire-after-days-of-deadly-bombardment-2896221-2026-04-14
Link,Advertise with us,https://specials.indiatoday.com/specials/popup/advertisewithus.htm
Link,Complaint Redressal,https://www.aajtak.in/complain-redressal
Link,Privacy Policy,https://www.indiatodaygroup.com/privacy-policy.html
Link,Terms and Conditions,https://specials.indiatoday.com/common/termsandconditions.phtml
Link,Correction Policy,https://www.aajtak.in/fact-check/correction-policy
Link,Press Releases,https://www.aajtak.in/prnewswire/prnewswire.html
Link,T&Cs for AajTak HD Contest,https://akm-img-a-in.tosshub.com/aajtak/resource/smedia2/AT-HD-Media-Planners-Contest-T%26Cs-TVTN.pdf
Link,Vasant Valley,https://www.vasantvalley.org/
Link,India Today Education,https://www.indiatoday.in/education-today
Link,Campus National Aptitude test,https://www.aajtakcampus.in/
Link,India Today Diaries,https://www.indiatodaygroup.com/
Link,Thomson Press,https://www.thomsonpress.com/
Link,Cosmopolitan,https://www.cosmopolitan.in/
Link,Reader's Digest,https://subscriptions.intoday.in/readersdigest?utm_source=rdsubv1
Link,Music Today,https://www.musictoday.in/
Link,Gadgets & Gizmos,https://subscriptions.intoday.in/
Link,Sahitya Aaj Tak,https://www.aajtak.in/sahitya-aajtak/2024
Link,Agenda Aajtak,https://www.aajtak.in/agenda-aajtak/2024
Link,India Today Conclave,https://www.indiatodayconclave.com/
Link,India Today Woman's Summit,https://www.indiatoday.in/india-today-woman-summit
Link,India Today Youth Summit,https://www.indiatoday.in/mind-rocks-2017-delhi
Link,State Of The States Conclave,https://www.indiatoday.in/state-of-the-states/2016
Link,India Today Education Summit,https://www.indiatoday.in/educationsummit
Link,India Content,https://www.indiacontent.in/
Link,Headline Today,https://www.headlinestoday.in/
Link,IPL Points Table,https://www.aajtak.in/sports/cricket/ipl/points-table
Link,IPL Schedule 2026,https://www.aajtak.in/sports/cricket/ipl/schedule
Link,IPL Orange Cap,https://www.aajtak.in/sports/cricket/ipl/orange-cap
Link,IPL Purple Cap,https://www.aajtak.in/sports/cricket/ipl/purple-cap
Link,IPL Most Sixes,https://www.aajtak.in/sports/cricket/ipl/player-stats/most-sixes
Link,IPL Most Fours,https://www.aajtak.in/sports/cricket/ipl/player-stats/most-fours
Link,IPL Most Fifties,https://www.aajtak.in/sports/cricket/ipl/player-stats/most-fifties
Link,IPL Most Hundreds,https://www.aajtak.in/sports/cricket/ipl/player-stats/most-hundreds
Link,UP Board Result Live,https://www.aajtak.in/education/results/story/up-board-10th-12th-result-2026-live-updates-upmsp-marksheet-download-digilocker-sms-guide-edmm-2523517-2026-04-14
Link,CBSE Board 10th Result Live,https://www.aajtak.in/education/results/story/cbse-board-class-10th-12th-result-2026-live-updates-where-to-check-websites-link-edmm-2523481-2026-04-14
Link,Delhi Dehradun Expressway Inauguration,https://www.aajtak.in/india/uttarakhand/story/delhi-dehradun-ecpressway-inauguration-live-updates-pm-modi-greenfield-project-ntc-ntyv-2523398-2026-04-14
Link,Noida Protest,https://www.aajtak.in/india/news/story/noida-employee-protest-live-updates-high-alert-ncr-violence-police-action-ntc-drmt-2523357-2026-04-14
Link,Nitish Kumar Resignation,https://www.aajtak.in/india/politics/story/nitish-kumar-resignation-live-updates-bihar-new-cm-announcement-ntc-vhrw-2523359-2026-04-14
Link,US Israel Iran War Live,https://www.aajtak.in/world/story/us-iran-israel-war-live-updates-ceasefire-talks-hormuz-strait-blockade-trump-middle-east-lebanon-conflict-mdsb-ntc-2523273-2026-04-14
Link,India Today,https://www.indiatoday.in/
Link,Syndications Today,https://www.indiacontent.in/
